"variable","min","max","mean"
"Convertible Arbitrage",0.0770203710991655,0.0694461870173684,0.292688394529575